Problem Number,Number of Variables,Number of Clauses,Max Literals in a Clause,Total Literals,S/U,Agreement,Execution Time in Microseconds,Assignments...
1,4,10,2,20,U,1,18,-1,-1,0,-1,
2,4,10,2,20,S,1,33,-1,1,1,1,
3,4,10,2,20,U,1,15,-1,0,-1,-1,
4,4,10,2,20,S,1,7,1,-1,-1,0,
5,4,10,2,20,S,1,42,-1,-1,1,1,
6,4,10,2,20,S,1,38,1,1,-1,1,
7,4,10,2,20,S,1,5,-1,-1,-1,0,
8,4,10,2,20,U,1,13,-1,-1,0,-1,
9,4,10,2,20,U,1,25,-1,-1,-1,-1,
10,4,10,2,20,U,1,25,-1,-1,-1,-1,
11,8,16,2,32,U,1,414,-1,1,-1,-1,1,-1,-1,-1,
12,8,16,2,32,U,1,160,-1,-1,-1,0,-1,-1,-1,1,
13,8,16,2,32,S,1,12,1,-1,-1,-1,1,-1,1,-1,
14,8,16,2,32,S,1,15,0,1,0,1,1,1,1,1,
15,8,16,2,32,U,1,281,-1,-1,0,-1,-1,-1,0,-1,
16,8,16,2,32,U,1,271,-1,-1,-1,0,-1,-1,-1,-1,
17,8,16,2,32,S,1,74,1,-1,-1,-1,-1,-1,1,-1,
18,8,16,2,32,U,1,767,1,-1,-1,-1,-1,-1,-1,-1,
19,8,16,2,32,S,1,11,-1,1,-1,-1,0,1,1,-1,
20,8,16,2,32,S,1,17,1,1,1,-1,1,1,1,1,
21,12,24,2,48,S,1,19,1,1,1,-1,1,1,1,-1,-1,1,1,-1,
22,12,24,2,48,S,1,750,-1,0,0,0,-1,-1,-1,1,1,1,-1,-1,
23,12,24,2,48,U,1,1378,-1,-1,0,-1,-1,0,-1,0,-1,-1,-1,-1,
24,12,24,2,48,U,1,3122,-1,-1,0,-1,-1,-1,0,-1,-1,-1,-1,-1,
25,12,24,2,48,S,1,117,1,0,1,1,1,-1,1,1,-1,-1,-1,0,
26,12,24,2,48,U,1,3141,-1,-1,-1,-1,-1,1,-1,1,-1,-1,-1,-1,
27,12,24,2,48,U,1,2634,1,-1,-1,0,-1,-1,0,-1,0,-1,-1,-1,
28,12,24,2,48,S,1,757,1,-1,1,0,1,-1,-1,1,-1,1,1,1,
29,12,24,2,48,U,1,2860,0,-1,-1,1,-1,-1,-1,-1,-1,-1,-1,-1,
30,12,24,2,48,S,1,36,0,-1,1,1,-1,1,1,1,1,1,1,-1,
31,16,32,2,64,S,1,100,-1,0,0,1,-1,1,1,-1,1,-1,0,1,1,0,-1,-1,
32,16,32,2,64,U,1,26784,-1,-1,-1,-1,-1,-1,-1,-1,1,-1,-1,1,-1,0,-1,-1,
33,16,32,2,64,S,1,14877,-1,1,0,1,0,1,0,1,1,1,0,-1,1,1,1,1,
34,16,32,2,64,S,1,39,1,1,1,1,1,-1,-1,0,-1,1,0,1,1,-1,1,1,
35,15,32,2,64,U,1,27926,-1,-1,-1,-1,1,-1,1,-1,-1,-1,-1,-1,-1,-1,-1,
36,16,32,2,64,S,1,7646,1,1,0,1,-1,-1,1,1,-1,1,0,1,-1,1,1,1,
37,16,32,2,64,U,1,30687,-1,-1,-1,1,-1,-1,-1,-1,0,-1,-1,-1,-1,1,-1,-1,
38,16,32,2,64,U,1,15104,-1,-1,-1,-1,1,1,1,-1,-1,-1,-1,-1,-1,-1,0,-1,
39,16,32,2,64,S,1,166,1,0,1,1,0,-1,1,0,1,-1,1,1,-1,-1,1,-1,
40,16,32,2,64,U,1,31245,-1,-1,-1,0,0,-1,-1,-1,-1,-1,-1,-1,0,-1,-1,-1,
41,18,36,2,72,U,1,40555,-1,-1,-1,-1,-1,1,-1,-1,1,-1,0,1,-1,-1,-1,-1,0,-1,
42,18,36,2,72,U,1,530047,-1,1,-1,-1,-1,-1,-1,-1,-1,-1,-1,-1,-1,-1,-1,-1,-1,-1,
43,18,36,2,72,U,1,162728,-1,-1,-1,-1,-1,-1,0,-1,1,-1,-1,-1,-1,-1,-1,-1,1,-1,
44,18,36,2,72,U,1,81615,-1,-1,1,-1,0,-1,0,-1,-1,-1,-1,-1,-1,0,-1,-1,-1,-1,
45,18,36,2,72,U,1,158878,-1,-1,-1,-1,-1,0,-1,-1,-1,0,-1,-1,-1,-1,-1,-1,-1,1,
46,18,36,2,72,U,1,7535,-1,-1,-1,1,1,-1,0,-1,0,1,-1,-1,-1,0,-1,1,-1,-1,
47,18,36,2,72,U,1,78451,-1,-1,1,-1,-1,-1,1,0,-1,-1,-1,-1,-1,-1,0,-1,-1,-1,
48,18,36,2,72,S,1,96,1,1,1,-1,1,-1,-1,-1,-1,1,-1,0,1,-1,1,-1,0,1,
49,18,36,2,72,U,1,37407,0,-1,-1,-1,1,1,1,-1,-1,1,-1,-1,-1,-1,-1,-1,-1,-1,
50,18,36,2,72,S,1,28,-1,0,1,1,1,-1,-1,-1,1,-1,1,0,-1,-1,1,-1,-1,-1,
51,20,40,2,80,U,1,147233,-1,-1,1,-1,-1,-1,-1,-1,0,1,1,-1,-1,-1,-1,0,-1,-1,-1,-1,
52,20,40,2,80,U,1,145438,-1,-1,-1,-1,-1,-1,-1,-1,-1,-1,-1,-1,1,1,0,-1,-1,1,1,-1,
53,20,40,2,80,S,1,138,-1,-1,1,-1,-1,1,1,0,-1,0,-1,-1,1,-1,1,-1,1,-1,1,1,
54,20,40,2,80,U,1,77065,0,-1,-1,1,-1,1,-1,-1,-1,0,-1,1,-1,1,-1,-1,-1,-1,-1,-1,
55,20,40,2,80,U,1,538288,0,-1,-1,1,-1,-1,-1,-1,-1,-1,-1,-1,-1,-1,-1,-1,1,-1,-1,-1,
56,20,40,2,80,U,1,99788,0,-1,0,-1,-1,1,-1,-1,-1,0,-1,0,-1,-1,-1,1,-1,-1,-1,-1,
57,20,40,2,80,U,1,97137,-1,-1,1,-1,-1,-1,0,1,-1,-1,1,-1,-1,-1,0,1,-1,-1,-1,-1,
58,20,40,2,80,S,1,20124,1,1,0,0,0,1,-1,1,-1,0,-1,1,0,-1,1,1,1,1,1,-1,
59,20,40,2,80,U,1,303749,-1,-1,-1,-1,-1,-1,1,-1,-1,-1,-1,-1,0,-1,0,-1,-1,1,-1,-1,
60,20,40,2,80,S,1,90,-1,-1,0,0,1,-1,0,0,0,-1,-1,1,-1,-1,0,-1,-1,1,-1,0,
61,22,44,2,88,S,1,25702,1,-1,1,1,1,0,1,-1,1,-1,1,-1,1,-1,-1,-1,-1,-1,1,1,-1,0,
62,22,44,2,88,U,1,165054,-1,1,-1,-1,-1,-1,0,-1,0,-1,-1,-1,1,-1,-1,-1,-1,1,-1,-1,1,1,
63,22,44,2,88,U,1,1225088,-1,-1,-1,-1,-1,-1,0,-1,-1,-1,-1,-1,-1,-1,1,-1,1,-1,-1,-1,1,-1,
64,22,44,2,88,U,1,9430890,-1,-1,-1,-1,-1,-1,-1,-1,-1,-1,-1,-1,-1,-1,-1,-1,-1,-1,-1,-1,-1,0,
65,22,44,2,88,U,1,771693,0,1,-1,-1,-1,-1,1,-1,-1,-1,-1,1,-1,-1,-1,-1,1,-1,-1,-1,-1,-1,
66,22,44,2,88,U,1,731986,-1,1,-1,-1,0,-1,-1,0,-1,-1,-1,-1,-1,0,-1,0,-1,-1,-1,-1,-1,-1,
67,22,44,2,88,U,1,239661,-1,-1,-1,0,-1,-1,0,1,0,-1,0,-1,0,-1,-1,-1,-1,0,-1,-1,-1,-1,
68,22,44,2,88,U,1,441061,-1,-1,-1,-1,0,-1,0,-1,-1,-1,0,-1,-1,-1,-1,-1,0,1,-1,-1,1,-1,
69,22,44,2,88,U,1,223753,0,-1,-1,-1,-1,0,-1,-1,-1,-1,-1,1,-1,1,-1,-1,1,-1,-1,1,1,-1,
70,22,44,2,88,U,1,1292795,-1,-1,-1,-1,-1,0,-1,1,-1,-1,-1,0,-1,-1,-1,-1,-1,-1,-1,-1,0,-1,
71,24,48,2,96,S,1,432509,-1,-1,1,1,-1,1,1,1,1,-1,0,-1,0,1,-1,1,0,1,1,-1,-1,-1,-1,-1,
72,24,48,2,96,U,1,800650,1,-1,0,-1,-1,1,-1,-1,-1,-1,-1,-1,0,-1,0,0,-1,1,-1,-1,-1,-1,-1,-1,
73,23,48,2,96,U,1,6192946,-1,-1,-1,-1,-1,-1,-1,0,-1,-1,0,-1,1,-1,-1,-1,-1,-1,-1,-1,-1,-1,-1,
74,24,48,2,96,S,1,455480,-1,1,1,1,-1,1,-1,1,1,-1,-1,0,1,1,0,0,-1,-1,1,-1,1,-1,1,1,
75,24,48,2,96,U,1,478865,1,-1,-1,1,-1,-1,-1,1,1,-1,-1,-1,-1,0,-1,-1,-1,1,0,1,-1,-1,-1,-1,
76,24,48,2,96,U,1,1593908,-1,-1,1,-1,0,-1,1,-1,-1,-1,1,1,-1,-1,-1,-1,-1,0,-1,-1,-1,-1,-1,-1,
77,24,48,2,96,U,1,2976002,-1,-1,-1,-1,-1,-1,-1,-1,-1,1,0,-1,0,0,-1,-1,-1,-1,-1,0,-1,-1,-1,-1,
78,24,48,2,96,U,1,26050308,-1,-1,-1,-1,-1,-1,-1,-1,1,-1,-1,-1,0,-1,-1,-1,-1,-1,-1,-1,-1,-1,-1,-1,
79,24,48,2,96,U,1,6197703,-1,-1,-1,0,-1,-1,-1,-1,-1,-1,-1,0,-1,0,-1,-1,-1,-1,1,-1,-1,-1,-1,-1,
80,24,48,2,96,S,1,9305,1,1,1,-1,1,0,1,0,1,1,1,1,1,1,1,1,0,1,1,1,0,-1,0,1,
81,4,20,3,60,U,1,165,-1,-1,-1,-1,
82,4,20,3,60,S,1,116,1,-1,-1,-1,
83,4,20,3,60,S,1,135,0,1,1,-1,
84,4,20,3,60,S,1,180,1,1,1,-1,
85,4,20,3,60,U,1,185,-1,-1,-1,-1,
86,4,20,3,60,S,1,128,1,1,0,1,
87,4,20,3,60,U,1,177,-1,-1,-1,-1,
88,4,20,3,60,U,1,199,-1,-1,-1,-1,
89,4,20,3,60,U,1,189,-1,-1,-1,-1,
90,4,20,3,60,S,1,113,1,0,1,-1,
91,8,40,3,120,S,1,1231,-1,1,1,1,1,-1,0,1,
92,8,40,3,120,S,1,80,-1,-1,-1,-1,1,-1,-1,-1,
93,8,40,3,120,S,1,1123,1,0,-1,1,-1,1,1,-1,
94,8,40,3,120,U,1,4496,-1,-1,-1,-1,-1,-1,-1,-1,
95,8,40,3,120,U,1,4279,-1,-1,-1,-1,-1,-1,-1,-1,
96,8,40,3,120,U,1,4204,-1,-1,-1,-1,-1,-1,-1,-1,
97,8,40,3,120,U,1,5664,-1,-1,-1,-1,-1,-1,-1,-1,
98,8,40,3,120,U,1,4421,-1,-1,-1,-1,-1,-1,-1,-1,
99,8,40,3,120,U,1,4382,-1,-1,-1,-1,-1,-1,-1,-1,
100,8,40,3,120,U,1,7028,-1,-1,-1,-1,-1,-1,-1,-1,
101,12,60,3,180,U,1,42771,-1,-1,-1,-1,-1,-1,-1,-1,-1,-1,-1,-1,
102,12,60,3,180,S,1,131,1,-1,-1,1,-1,1,-1,-1,-1,-1,-1,-1,
103,12,60,3,180,U,1,35108,-1,-1,-1,-1,-1,-1,-1,-1,-1,-1,-1,-1,
104,12,60,3,180,S,1,89,1,-1,-1,-1,-1,-1,-1,-1,-1,-1,-1,-1,
105,12,60,3,180,U,1,35509,-1,-1,-1,-1,-1,-1,-1,-1,-1,-1,-1,-1,
106,12,60,3,180,U,1,50078,-1,-1,-1,-1,-1,-1,-1,-1,-1,-1,-1,-1,
107,12,60,3,180,U,1,46351,-1,-1,-1,-1,-1,-1,-1,-1,-1,-1,-1,-1,
108,12,60,3,180,U,1,50157,-1,-1,-1,-1,-1,-1,-1,-1,-1,-1,-1,-1,
109,12,60,3,180,S,1,146,1,-1,-1,-1,1,-1,-1,-1,-1,-1,-1,-1,
110,12,60,3,180,U,1,43997,-1,-1,-1,-1,-1,-1,-1,-1,-1,-1,-1,-1,
111,16,80,3,240,U,1,911885,-1,-1,-1,-1,-1,-1,-1,-1,-1,-1,-1,-1,-1,-1,-1,-1,
112,16,80,3,240,S,1,17137,-1,1,1,1,-1,1,1,1,-1,1,-1,1,0,1,1,1,
113,16,80,3,240,U,1,1543438,-1,-1,-1,-1,-1,-1,-1,-1,-1,-1,-1,-1,-1,-1,-1,-1,
114,16,80,3,240,U,1,1501893,-1,-1,-1,-1,-1,-1,-1,-1,-1,-1,-1,-1,-1,-1,-1,-1,
115,16,80,3,240,U,1,1513636,-1,-1,-1,-1,-1,-1,-1,-1,-1,-1,-1,-1,-1,-1,-1,-1,
116,16,80,3,240,U,1,1501575,-1,-1,-1,-1,-1,-1,-1,-1,-1,-1,-1,-1,-1,-1,-1,-1,
117,16,80,3,240,U,1,1551348,-1,-1,-1,-1,-1,-1,-1,-1,-1,-1,-1,-1,-1,-1,-1,-1,
118,16,80,3,240,U,1,1585337,-1,-1,-1,-1,-1,-1,-1,-1,-1,-1,-1,-1,-1,-1,-1,-1,
119,16,80,3,240,U,1,1567812,-1,-1,-1,-1,-1,-1,-1,-1,-1,-1,-1,-1,-1,-1,-1,-1,
120,16,80,3,240,S,1,1176564,0,-1,0,1,0,0,1,-1,-1,1,1,1,1,-1,1,1,
121,18,90,3,270,U,1,5837877,-1,-1,-1,-1,-1,-1,-1,-1,-1,-1,-1,-1,-1,-1,-1,-1,-1,-1,
122,18,90,3,270,U,1,5781113,-1,-1,-1,-1,-1,-1,-1,-1,-1,-1,-1,-1,-1,-1,-1,-1,-1,-1,
123,18,90,3,270,U,1,5875691,-1,-1,-1,-1,-1,-1,-1,-1,-1,-1,-1,-1,-1,-1,-1,-1,-1,-1,
124,18,90,3,270,U,1,5720573,-1,-1,-1,-1,-1,-1,-1,-1,-1,-1,-1,-1,-1,-1,-1,-1,-1,-1,
125,18,90,3,270,U,1,5903417,-1,-1,-1,-1,-1,-1,-1,-1,-1,-1,-1,-1,-1,-1,-1,-1,-1,-1,
126,18,90,3,270,S,1,723628,-1,1,1,-1,1,-1,-1,1,1,-1,1,-1,1,-1,-1,-1,1,0,
127,18,90,3,270,S,1,556,-1,-1,-1,1,-1,-1,-1,-1,-1,-1,-1,1,-1,-1,-1,-1,-1,1,
128,18,90,3,270,S,1,1483018,1,1,1,1,1,0,1,1,0,0,-1,-1,1,1,-1,1,1,1,
129,18,90,3,270,U,1,5246995,-1,-1,-1,-1,-1,-1,-1,-1,-1,-1,-1,-1,-1,-1,-1,-1,-1,-1,
130,18,90,3,270,S,1,12326,-1,1,1,1,1,-1,1,1,1,0,1,-1,-1,-1,1,-1,1,-1,
131,20,100,3,300,S,1,10723524,1,1,0,-1,1,-1,-1,1,1,-1,1,1,-1,0,-1,1,1,1,-1,1,
132,20,100,3,300,U,1,21099029,-1,-1,-1,-1,-1,-1,-1,-1,-1,-1,-1,-1,-1,-1,-1,-1,-1,-1,-1,-1,
133,20,100,3,300,S,1,2616487,1,0,0,-1,1,1,-1,1,1,-1,-1,-1,1,1,-1,1,-1,-1,-1,-1,
134,20,100,3,300,U,1,21253088,-1,-1,-1,-1,-1,-1,-1,-1,-1,-1,-1,-1,-1,-1,-1,-1,-1,-1,-1,-1,
135,20,100,3,300,S,1,3190161,1,1,-1,1,1,1,-1,1,1,1,1,0,-1,-1,-1,-1,1,1,-1,1,
136,20,100,3,300,U,1,20967224,-1,-1,-1,-1,-1,-1,-1,-1,-1,-1,-1,-1,-1,-1,-1,-1,-1,-1,-1,-1,
137,20,100,3,300,U,1,29447821,-1,-1,-1,-1,-1,-1,-1,-1,-1,-1,-1,-1,-1,-1,-1,-1,-1,-1,-1,-1,
138,20,100,3,300,S,1,10819038,1,-1,0,1,0,1,0,-1,1,-1,1,-1,1,1,1,1,1,1,1,1,
139,20,100,3,300,U,1,29303453,-1,-1,-1,-1,-1,-1,-1,-1,-1,-1,-1,-1,-1,-1,-1,-1,-1,-1,-1,-1,
140,20,100,3,300,U,1,29343514,-1,-1,-1,-1,-1,-1,-1,-1,-1,-1,-1,-1,-1,-1,-1,-1,-1,-1,-1,-1,
141,22,110,3,330,S,1,50561276,1,1,1,0,0,1,-1,-1,1,1,1,-1,-1,-1,-1,-1,-1,1,-1,-1,-1,1,
142,22,110,3,330,S,1,51659966,1,0,-1,1,0,1,-1,1,-1,1,-1,-1,-1,1,-1,-1,-1,1,1,-1,1,1,
143,22,110,3,330,U,1,86325853,-1,-1,-1,-1,-1,-1,-1,-1,-1,-1,-1,-1,-1,-1,-1,-1,-1,-1,-1,-1,-1,-1,
144,22,110,3,330,U,1,87199498,-1,-1,-1,-1,-1,-1,-1,-1,-1,-1,-1,-1,-1,-1,-1,-1,-1,-1,-1,-1,-1,-1,
145,22,110,3,330,U,1,124049321,-1,-1,-1,-1,-1,-1,-1,-1,-1,-1,-1,-1,-1,-1,-1,-1,-1,-1,-1,-1,-1,-1,
146,22,110,3,330,U,1,124914269,-1,-1,-1,-1,-1,-1,-1,-1,-1,-1,-1,-1,-1,-1,-1,-1,-1,-1,-1,-1,-1,-1,
147,22,110,3,330,U,1,125120241,-1,-1,-1,-1,-1,-1,-1,-1,-1,-1,-1,-1,-1,-1,-1,-1,-1,-1,-1,-1,-1,-1,
148,22,110,3,330,U,1,126278152,-1,-1,-1,-1,-1,-1,-1,-1,-1,-1,-1,-1,-1,-1,-1,-1,-1,-1,-1,-1,-1,-1,
149,22,110,3,330,S,1,228347,1,1,-1,-1,1,1,-1,0,-1,1,1,-1,-1,1,-1,1,1,1,-1,-1,-1,-1,
150,22,110,3,330,S,1,977537,0,-1,1,1,-1,1,-1,-1,-1,-1,1,1,1,1,-1,1,-1,1,-1,-1,-1,-1,
151,24,120,3,360,U,1,298254997,-1,-1,-1,-1,-1,-1,-1,-1,-1,-1,-1,-1,-1,-1,-1,-1,-1,-1,-1,-1,-1,-1,-1,-1,
152,24,120,3,360,U,1,181898436,-1,-1,-1,-1,-1,-1,-1,-1,-1,-1,-1,-1,-1,-1,-1,-1,-1,1,-1,-1,-1,-1,-1,-1,
153,24,120,3,360,U,1,642503660,-1,-1,-1,-1,-1,-1,-1,-1,-1,-1,-1,-1,-1,-1,-1,-1,-1,-1,-1,-1,-1,-1,-1,-1,
154,24,120,3,360,U,1,637980173,-1,-1,-1,-1,-1,-1,-1,-1,-1,-1,-1,-1,-1,-1,-1,-1,-1,-1,-1,-1,-1,-1,-1,-1,
155,24,120,3,360,U,1,640372249,-1,-1,-1,-1,-1,-1,-1,-1,-1,-1,-1,-1,-1,-1,-1,-1,-1,-1,-1,-1,-1,-1,-1,-1,
156,24,120,3,360,U,1,637112653,-1,-1,-1,-1,-1,-1,-1,-1,-1,-1,-1,-1,-1,-1,-1,-1,-1,-1,-1,-1,-1,-1,-1,-1,
157,24,120,3,360,U,1,643789019,-1,-1,-1,-1,-1,-1,-1,-1,-1,-1,-1,-1,-1,-1,-1,-1,-1,-1,-1,-1,-1,-1,-1,-1,
158,24,120,3,360,U,1,644344166,-1,-1,-1,-1,-1,-1,-1,-1,-1,-1,-1,-1,-1,-1,-1,-1,-1,-1,-1,-1,-1,-1,-1,-1,
159,24,120,3,360,U,1,644509846,-1,-1,-1,-1,-1,-1,-1,-1,-1,-1,-1,-1,-1,-1,-1,-1,-1,-1,-1,-1,-1,-1,-1,-1,
160,24,120,3,360,U,1,638954641,-1,-1,-1,-1,-1,-1,-1,-1,-1,-1,-1,-1,-1,-1,-1,-1,-1,-1,-1,-1,-1,-1,-1,-1,
161,4,40,4,160,S,1,186,1,1,1,0,
162,4,40,4,160,U,1,337,-1,-1,-1,-1,
163,4,40,4,160,U,1,421,-1,-1,-1,-1,
164,4,40,4,160,S,1,313,0,1,0,1,
165,4,40,4,160,S,1,92,1,1,-1,1,
166,4,40,4,160,S,1,101,1,1,1,1,
167,4,40,4,160,S,1,69,-1,-1,1,-1,
168,4,40,4,160,S,1,86,1,1,-1,-1,
169,4,40,4,160,S,1,96,1,1,1,1,
170,4,40,4,160,S,1,219,0,1,-1,-1,
171,8,80,4,320,S,1,3156,1,0,1,-1,1,1,-1,0,
172,8,80,4,320,S,1,168,1,-1,1,-1,-1,-1,-1,-1,
173,8,80,4,320,S,1,187,-1,1,1,-1,-1,1,-1,-1,
174,8,80,4,320,S,1,694,1,0,1,1,-1,1,-1,-1,
175,8,80,4,320,S,1,154,1,1,-1,-1,-1,-1,-1,-1,
176,8,80,4,320,U,1,8698,-1,-1,-1,-1,-1,-1,-1,-1,
177,8,80,4,320,U,1,8470,-1,-1,-1,-1,-1,-1,-1,-1,
178,8,80,4,320,S,1,857,1,1,1,1,1,0,1,1,
179,8,80,4,320,U,1,11547,-1,-1,-1,-1,-1,-1,-1,-1,
180,8,80,4,320,U,1,11290,-1,-1,-1,-1,-1,-1,-1,-1,
181,12,120,4,480,S,1,18866,0,0,0,0,1,1,1,1,-1,1,-1,1,
182,12,120,4,480,S,1,3219,-1,1,1,1,-1,0,-1,-1,1,1,-1,1,
183,12,120,4,480,S,1,1664,1,-1,1,1,0,-1,-1,1,1,-1,1,1,
184,12,120,4,480,U,1,87056,-1,-1,-1,-1,-1,-1,-1,-1,-1,-1,-1,-1,
185,12,120,4,480,S,1,14353,-1,-1,1,0,-1,0,-1,1,1,1,1,1,
186,12,120,4,480,S,1,14250,1,1,0,1,1,1,1,1,1,1,1,-1,
187,12,120,4,480,U,1,116893,-1,-1,-1,-1,-1,-1,-1,-1,-1,-1,-1,-1,
188,12,120,4,480,U,1,116709,-1,-1,-1,-1,-1,-1,-1,-1,-1,-1,-1,-1,
189,12,120,4,480,U,1,116113,-1,-1,-1,-1,-1,-1,-1,-1,-1,-1,-1,-1,
190,12,120,4,480,U,1,99967,-1,-1,-1,-1,-1,-1,-1,-1,-1,-1,-1,-1,
191,16,160,4,640,S,1,927880,1,0,0,1,1,-1,1,1,1,1,0,0,1,1,1,1,
192,16,160,4,640,U,1,1509251,-1,-1,-1,-1,-1,-1,-1,-1,-1,-1,-1,-1,-1,-1,-1,-1,
193,16,160,4,640,U,1,1769672,-1,-1,-1,-1,-1,-1,-1,-1,-1,-1,-1,-1,-1,-1,-1,-1,
194,16,160,4,640,S,1,477,-1,1,1,1,-1,1,-1,-1,-1,1,-1,-1,-1,-1,1,-1,
195,16,160,4,640,S,1,4479,1,1,1,1,1,1,1,1,1,1,-1,1,0,-1,1,-1,
196,16,160,4,640,U,1,1776396,-1,-1,-1,-1,-1,-1,-1,-1,-1,-1,-1,-1,-1,-1,-1,-1,
197,16,160,4,640,U,1,1922279,-1,-1,-1,-1,-1,-1,-1,-1,-1,-1,-1,-1,-1,-1,-1,-1,
198,16,160,4,640,U,1,1921017,-1,-1,-1,-1,-1,-1,-1,-1,-1,-1,-1,-1,-1,-1,-1,-1,
199,16,160,4,640,S,1,503,-1,1,-1,1,1,-1,1,1,-1,1,1,1,1,-1,1,-1,
200,16,160,4,640,S,1,369,-1,-1,1,-1,1,-1,-1,1,-1,-1,-1,-1,-1,-1,-1,-1,
201,18,180,4,720,S,1,1575644,1,-1,1,1,-1,1,0,0,1,1,0,1,1,1,1,1,1,1,
202,18,180,4,720,U,1,12052021,-1,-1,-1,-1,-1,-1,-1,-1,-1,-1,-1,-1,-1,-1,-1,-1,-1,-1,
203,18,180,4,720,S,1,5364920,-1,1,0,-1,1,1,-1,1,-1,0,1,-1,0,1,-1,-1,1,0,
204,18,180,4,720,U,1,12069124,-1,-1,-1,-1,-1,-1,-1,-1,-1,-1,-1,-1,-1,-1,-1,-1,-1,-1,
205,18,180,4,720,U,1,12002551,-1,-1,-1,-1,-1,-1,-1,-1,-1,-1,-1,-1,-1,-1,-1,-1,-1,-1,
206,18,180,4,720,S,1,4171677,1,-1,1,0,-1,0,1,-1,1,1,1,-1,-1,-1,1,-1,1,-1,
207,18,180,4,720,U,1,11811061,-1,-1,-1,-1,-1,-1,-1,-1,-1,-1,-1,-1,-1,-1,-1,-1,-1,-1,
208,18,180,4,720,S,1,765050,-1,-1,0,-1,1,1,-1,1,-1,1,0,-1,-1,-1,1,1,1,-1,
209,18,180,4,720,U,1,10739162,-1,-1,-1,-1,-1,-1,-1,-1,-1,-1,-1,-1,-1,-1,-1,-1,-1,-1,
210,18,180,4,720,U,1,10720177,-1,-1,-1,-1,-1,-1,-1,-1,-1,-1,-1,-1,-1,-1,-1,-1,-1,-1,
211,20,200,4,800,S,1,1941525,0,1,1,1,-1,1,-1,0,0,1,1,1,1,-1,1,0,1,1,1,-1,
212,20,200,4,800,U,1,38379049,-1,-1,-1,-1,-1,-1,-1,-1,-1,-1,-1,-1,-1,-1,-1,-1,-1,-1,-1,-1,
213,20,200,4,800,S,1,2352768,1,1,1,1,0,-1,1,1,-1,1,-1,-1,1,0,1,0,-1,-1,1,-1,
214,20,200,4,800,S,1,11899718,0,-1,-1,-1,-1,-1,1,1,-1,-1,1,-1,1,-1,1,-1,-1,1,1,-1,
215,20,200,4,800,U,1,38095502,-1,-1,-1,-1,-1,-1,-1,-1,-1,-1,-1,-1,-1,-1,-1,-1,-1,-1,-1,-1,
216,20,200,4,800,U,1,38049044,-1,-1,-1,-1,-1,-1,-1,-1,-1,-1,-1,-1,-1,-1,-1,-1,-1,-1,-1,-1,
217,20,200,4,800,S,1,28376827,0,0,-1,-1,0,1,0,-1,1,1,1,-1,1,-1,-1,1,-1,-1,-1,-1,
218,20,200,4,800,U,1,59160946,-1,-1,-1,-1,-1,-1,-1,-1,-1,-1,-1,-1,-1,-1,-1,-1,-1,-1,-1,-1,
219,20,200,4,800,S,1,5366435,0,0,1,-1,1,1,0,1,1,0,1,1,1,-1,1,-1,1,-1,1,-1,
220,20,200,4,800,U,1,58103174,-1,-1,-1,-1,-1,-1,-1,-1,-1,-1,-1,-1,-1,-1,-1,-1,-1,-1,-1,-1,
221,22,220,4,880,U,1,198791490,-1,-1,-1,-1,-1,-1,-1,-1,-1,-1,-1,-1,-1,-1,-1,-1,-1,-1,-1,-1,-1,-1,
222,22,220,4,880,U,1,201461993,-1,-1,-1,-1,-1,-1,-1,-1,-1,-1,-1,-1,-1,-1,-1,-1,-1,-1,-1,-1,-1,-1,
223,22,220,4,880,S,1,99282225,0,1,-1,-1,-1,0,1,1,1,1,-1,-1,-1,-1,1,-1,-1,1,1,1,1,-1,
224,22,220,4,880,U,1,198564304,-1,-1,-1,-1,-1,-1,-1,-1,-1,-1,-1,-1,-1,-1,-1,-1,-1,-1,-1,-1,-1,-1,
225,22,220,4,880,S,1,2593749,1,-1,1,-1,0,0,-1,1,0,0,1,1,1,1,1,1,-1,1,1,1,1,1,
226,22,220,4,880,U,1,197875975,-1,-1,-1,-1,-1,-1,-1,-1,-1,-1,-1,-1,-1,-1,-1,-1,-1,-1,-1,-1,-1,-1,
227,22,220,4,880,S,1,27384618,-1,1,0,-1,-1,1,-1,1,0,1,0,0,1,1,1,1,1,-1,1,-1,1,-1,
228,22,220,4,880,U,1,197002030,-1,-1,-1,-1,-1,-1,-1,-1,-1,-1,-1,-1,-1,-1,-1,-1,-1,-1,-1,-1,-1,-1,
229,22,220,4,880,S,1,50945943,-1,0,1,1,-1,0,1,1,-1,1,-1,-1,1,0,0,1,1,-1,-1,1,-1,1,
230,22,220,4,880,U,1,197087710,-1,-1,-1,-1,-1,-1,-1,-1,-1,-1,-1,-1,-1,-1,-1,-1,-1,-1,-1,-1,-1,-1,
231,24,240,4,960,U,1,561463224,-1,-1,-1,-1,-1,-1,-1,-1,-1,-1,-1,-1,-1,-1,-1,-1,-1,-1,-1,-1,-1,-1,-1,-1,
232,24,240,4,960,S,1,344094415,1,1,1,0,-1,0,-1,1,-1,1,1,1,1,-1,-1,-1,1,1,-1,1,1,1,1,-1,
233,24,240,4,960,U,1,860869794,-1,-1,-1,-1,-1,-1,-1,-1,-1,-1,-1,-1,-1,-1,-1,-1,-1,-1,-1,-1,-1,-1,-1,-1,
234,24,240,4,960,S,1,515073297,1,1,-1,-1,-1,0,1,1,1,-1,-1,1,1,-1,0,-1,1,-1,-1,-1,1,-1,1,-1,
235,24,240,4,960,S,1,134326951,1,-1,-1,1,-1,1,-1,1,0,1,1,1,0,-1,1,-1,1,1,-1,1,-1,-1,-1,1,
236,24,240,4,960,U,1,865894465,-1,-1,-1,-1,-1,-1,-1,-1,-1,-1,-1,-1,-1,-1,-1,-1,-1,-1,-1,-1,-1,-1,-1,-1,
237,24,240,4,960,S,1,19186181,1,1,1,1,-1,1,0,1,-1,1,-1,1,1,-1,-1,1,1,0,0,-1,1,-1,1,-1,
238,24,240,4,960,S,1,502014696,1,1,1,1,1,-1,0,1,1,1,1,-1,1,-1,1,1,0,1,1,1,-1,1,-1,-1,
239,24,240,4,960,U,1,861157903,-1,-1,-1,-1,-1,-1,-1,-1,-1,-1,-1,-1,-1,-1,-1,-1,-1,-1,-1,-1,-1,-1,-1,-1,
240,24,240,4,960,S,1,798718600,-1,-1,0,1,-1,1,0,1,-1,-1,0,0,1,1,1,1,1,1,1,0,1,1,1,-1,
241,4,40,5,200,S,1,158,-1,1,-1,1,
242,4,40,5,200,S,1,178,-1,-1,-1,-1,
243,4,40,5,200,S,1,226,1,1,1,-1,
244,4,40,5,200,S,1,129,-1,-1,-1,-1,
245,4,40,5,200,S,1,71,1,1,-1,-1,
246,4,40,5,200,S,1,51,-1,-1,-1,-1,
247,4,40,5,200,S,1,90,0,-1,1,-1,
248,4,40,5,200,S,1,121,1,1,1,1,
249,4,40,5,200,S,1,27,-1,1,1,-1,
250,4,40,5,200,S,1,73,-1,-1,-1,-1,
251,8,80,5,400,S,1,59,1,1,-1,-1,-1,1,-1,-1,
252,8,80,5,400,S,1,47,1,1,-1,-1,-1,-1,-1,-1,
253,8,80,5,400,S,1,98,-1,1,1,1,1,1,1,1,
254,8,80,5,400,S,1,114,-1,1,-1,1,-1,1,-1,-1,
255,8,80,5,400,S,1,126,-1,1,-1,-1,-1,1,-1,-1,
256,8,80,5,400,S,1,85,-1,-1,1,-1,-1,-1,-1,-1,
257,8,80,5,400,S,1,54,1,1,-1,-1,-1,-1,1,-1,
258,8,80,5,400,S,1,80,-1,1,-1,1,-1,-1,-1,1,
259,8,80,5,400,S,1,68,-1,-1,-1,-1,-1,-1,1,-1,
260,8,80,5,400,S,1,252,-1,-1,-1,-1,-1,-1,-1,1,
261,12,120,5,600,S,1,245,1,1,1,1,1,1,1,-1,1,-1,0,1,
262,12,120,5,600,S,1,67,1,-1,-1,-1,-1,1,-1,-1,-1,-1,-1,-1,
263,12,120,5,600,S,1,93,1,1,-1,-1,-1,1,1,-1,-1,-1,1,-1,
264,12,120,5,600,S,1,196,1,1,1,-1,1,1,1,-1,-1,1,-1,-1,
265,12,120,5,600,S,1,1181,1,0,1,1,1,-1,1,1,-1,-1,-1,1,
266,12,120,5,600,S,1,590,1,1,1,1,-1,-1,0,1,1,-1,1,1,
267,12,120,5,600,S,1,2127,0,1,1,1,1,1,-1,-1,-1,1,-1,-1,
268,12,120,5,600,S,1,335,-1,-1,-1,-1,-1,1,-1,1,1,-1,-1,-1,
269,12,120,5,600,S,1,57,-1,1,-1,-1,-1,-1,-1,-1,-1,-1,-1,-1,
270,12,120,5,600,S,1,1077,1,1,1,0,1,1,1,-1,-1,1,1,1,
271,16,160,5,800,S,1,101,-1,-1,1,-1,1,1,-1,-1,-1,-1,-1,-1,-1,-1,-1,-1,
272,16,160,5,800,S,1,870,1,1,1,1,1,1,1,1,1,1,-1,-1,1,1,1,-1,
273,16,160,5,800,S,1,135,1,-1,1,1,-1,1,-1,1,-1,-1,-1,-1,-1,1,1,1,
274,16,160,5,800,S,1,4838,1,1,1,1,1,1,0,1,1,1,-1,1,-1,1,1,-1,
275,16,160,5,800,S,1,20798,1,0,1,1,1,-1,-1,1,1,1,0,-1,-1,1,-1,1,
276,16,160,5,800,S,1,256,1,1,1,1,1,1,-1,1,-1,1,-1,1,-1,1,1,-1,
277,16,160,5,800,S,1,114,-1,1,-1,1,1,-1,-1,1,-1,-1,-1,-1,-1,-1,-1,-1,
278,16,160,5,800,S,1,602,1,-1,1,-1,-1,1,1,-1,-1,-1,-1,-1,1,-1,1,-1,
279,16,160,5,800,S,1,401,-1,1,-1,-1,-1,1,-1,-1,-1,-1,-1,-1,-1,-1,1,1,
280,16,160,5,800,S,1,2717,1,1,0,1,1,1,-1,1,1,1,1,1,-1,-1,-1,1,
281,18,180,5,900,S,1,147,-1,1,-1,-1,-1,-1,1,1,-1,-1,-1,-1,1,1,1,-1,-1,-1,
282,18,180,5,900,S,1,57070,0,1,1,0,1,1,1,0,1,1,1,1,1,-1,1,1,-1,1,
283,18,180,5,900,S,1,5048,1,1,1,1,1,1,1,-1,1,0,-1,1,-1,1,-1,1,1,1,
284,18,180,5,900,S,1,210,-1,1,1,1,1,1,-1,1,-1,-1,1,-1,1,1,-1,1,1,1,
285,18,180,5,900,S,1,490,1,1,1,-1,1,1,1,-1,-1,1,1,1,-1,-1,-1,-1,1,1,
286,18,180,5,900,S,1,47006,0,1,1,1,1,1,-1,1,1,1,1,-1,-1,1,1,1,-1,-1,
287,18,180,5,900,S,1,29196,1,1,1,0,1,1,-1,1,0,1,0,1,1,-1,1,1,-1,1,
288,18,180,5,900,S,1,92275,1,-1,1,1,-1,1,1,1,-1,0,1,-1,-1,1,-1,-1,-1,1,
289,18,180,5,900,S,1,41351,1,1,1,-1,-1,1,-1,-1,-1,-1,-1,1,0,-1,-1,1,-1,1,
290,18,180,5,900,S,1,152,-1,1,-1,-1,1,-1,-1,-1,-1,-1,-1,-1,-1,1,-1,-1,1,-1,
291,20,200,5,1000,S,1,378,1,1,-1,1,1,-1,1,1,1,1,-1,1,-1,-1,-1,-1,-1,-1,1,-1,
292,20,200,5,1000,S,1,243688,0,1,0,1,-1,1,1,1,0,1,1,1,1,1,-1,1,-1,1,1,-1,
293,20,200,5,1000,S,1,122,1,-1,1,-1,1,-1,-1,-1,-1,-1,-1,-1,-1,-1,-1,1,-1,-1,-1,-1,
294,20,200,5,1000,S,1,143,1,-1,1,1,-1,-1,-1,-1,-1,1,-1,-1,-1,-1,-1,-1,-1,-1,1,-1,
295,20,200,5,1000,S,1,566,1,1,-1,1,1,1,-1,-1,-1,1,1,1,1,-1,-1,1,1,-1,-1,-1,
296,20,200,5,1000,S,1,87168,0,1,1,1,-1,1,0,0,1,1,1,1,-1,1,-1,1,-1,-1,0,1,
297,20,200,5,1000,S,1,228962,1,-1,-1,0,-1,1,0,-1,-1,1,1,1,1,1,1,1,0,1,-1,1,
298,20,200,5,1000,S,1,250,-1,-1,-1,-1,-1,-1,-1,1,-1,-1,1,-1,-1,-1,-1,-1,-1,-1,-1,-1,
299,20,200,5,1000,S,1,118,-1,1,1,-1,-1,-1,-1,-1,-1,-1,-1,-1,-1,-1,-1,-1,-1,1,-1,-1,
300,20,200,5,1000,S,1,149,1,1,1,1,-1,-1,1,-1,-1,1,-1,-1,-1,-1,-1,-1,-1,-1,-1,-1,
301,22,220,5,1100,S,1,85531,1,-1,1,1,1,0,1,1,-1,0,1,-1,1,1,1,-1,-1,-1,-1,1,-1,-1,
302,22,220,5,1100,S,1,607,-1,1,-1,-1,-1,-1,-1,1,1,-1,-1,1,-1,-1,-1,-1,-1,1,-1,1,-1,-1,
303,22,220,5,1100,S,1,109649,1,1,0,0,1,-1,1,1,1,1,1,-1,-1,1,1,1,1,-1,1,-1,-1,-1,
304,22,220,5,1100,S,1,182940,1,1,1,0,1,1,1,0,1,1,1,1,1,1,-1,1,1,1,1,1,1,1,
305,22,220,5,1100,S,1,102037,1,1,-1,1,0,1,1,-1,-1,1,1,1,1,-1,1,1,-1,-1,-1,-1,1,-1,
306,22,220,5,1100,S,1,109720,1,0,1,1,1,1,1,1,1,1,1,0,-1,1,1,1,1,1,1,1,1,1,
307,22,220,5,1100,S,1,139,-1,-1,1,-1,-1,-1,-1,-1,-1,1,-1,-1,-1,1,-1,1,-1,-1,-1,-1,-1,-1,
308,22,220,5,1100,S,1,286,1,1,1,1,1,1,1,1,-1,-1,-1,1,-1,1,-1,-1,1,1,-1,-1,1,-1,
309,22,220,5,1100,S,1,251,-1,-1,-1,1,1,-1,-1,-1,1,1,-1,-1,-1,1,1,-1,-1,-1,-1,-1,-1,-1,
310,22,220,5,1100,S,1,198,1,1,1,-1,-1,1,-1,-1,-1,1,-1,1,-1,-1,-1,-1,-1,1,1,-1,-1,-1,
311,24,240,5,1200,S,1,555,-1,1,1,1,1,-1,-1,1,1,1,-1,1,-1,-1,1,-1,-1,-1,-1,-1,-1,-1,-1,1,
312,24,240,5,1200,S,1,468,1,1,1,1,1,1,1,1,1,-1,-1,1,-1,1,-1,-1,1,-1,-1,-1,-1,-1,-1,-1,
313,24,240,5,1200,S,1,129,-1,-1,-1,-1,1,-1,-1,-1,1,-1,-1,-1,-1,-1,-1,-1,-1,-1,-1,-1,-1,-1,-1,-1,
314,24,240,5,1200,S,1,266158,-1,1,1,1,1,1,1,0,1,1,1,-1,1,0,1,-1,0,1,-1,-1,1,1,-1,-1,
315,24,240,5,1200,S,1,336,1,1,1,1,-1,1,1,1,-1,1,1,-1,1,-1,-1,1,-1,-1,-1,-1,1,1,1,1,
316,24,240,5,1200,S,1,191,-1,-1,-1,1,-1,-1,1,1,-1,-1,-1,-1,-1,-1,-1,-1,1,1,-1,1,-1,-1,-1,1,
317,24,240,5,1200,S,1,117155,1,1,1,1,-1,1,-1,1,-1,1,1,1,-1,1,0,1,-1,-1,-1,1,-1,-1,1,-1,
318,24,240,5,1200,S,1,271542,-1,1,0,1,1,-1,-1,1,1,1,1,-1,0,-1,-1,1,1,1,-1,1,1,1,-1,-1,
319,24,240,5,1200,S,1,475,-1,1,-1,1,1,-1,1,-1,-1,1,-1,-1,-1,-1,-1,-1,-1,-1,-1,-1,1,-1,-1,-1,
320,24,240,5,1200,S,1,438422,-1,1,-1,0,-1,1,1,-1,1,1,1,-1,1,1,-1,-1,-1,1,-1,-1,-1,-1,-1,1,
321,4,40,6,240,S,1,27,-1,-1,-1,-1,
322,4,40,6,240,S,1,26,-1,-1,1,-1,
323,4,40,6,240,S,1,23,-1,-1,-1,-1,
324,4,40,6,240,S,1,21,-1,-1,-1,-1,
325,4,40,6,240,S,1,27,-1,1,-1,1,
326,4,40,6,240,S,1,24,-1,-1,-1,-1,
327,4,40,6,240,S,1,21,-1,-1,-1,-1,
328,4,40,6,240,S,1,21,-1,-1,-1,-1,
329,4,40,6,240,S,1,91,-1,-1,-1,-1,
330,4,40,6,240,S,1,24,-1,-1,1,-1,
331,8,80,6,480,S,1,96,1,-1,-1,-1,-1,-1,-1,-1,
332,8,80,6,480,S,1,43,-1,-1,-1,-1,-1,1,-1,-1,
333,8,80,6,480,S,1,53,1,1,1,-1,-1,-1,-1,-1,
334,8,80,6,480,S,1,49,-1,1,1,-1,-1,-1,-1,-1,
335,8,80,6,480,S,1,56,-1,1,1,-1,-1,-1,1,-1,
336,8,80,6,480,S,1,102,-1,-1,-1,-1,-1,-1,1,-1,
337,8,80,6,480,S,1,38,-1,-1,-1,-1,-1,-1,-1,-1,
338,8,80,6,480,S,1,202,-1,1,-1,-1,1,-1,-1,-1,
339,8,80,6,480,S,1,48,-1,1,1,-1,-1,-1,-1,-1,
340,8,80,6,480,S,1,51,1,-1,-1,-1,1,-1,-1,-1,
341,12,120,6,720,S,1,75,1,-1,1,-1,-1,-1,-1,-1,-1,-1,-1,-1,
342,12,120,6,720,S,1,91,-1,-1,1,-1,-1,-1,1,-1,-1,-1,-1,-1,
343,12,120,6,720,S,1,91,1,-1,-1,1,1,1,1,-1,-1,-1,-1,-1,
344,12,120,6,720,S,1,90,1,1,-1,-1,-1,1,1,-1,-1,-1,-1,-1,
345,12,120,6,720,S,1,103,-1,1,1,1,1,-1,-1,-1,-1,-1,1,-1,
346,12,120,6,720,S,1,114,-1,-1,-1,-1,-1,-1,-1,-1,-1,-1,1,-1,
347,12,120,6,720,S,1,57,-1,-1,-1,-1,-1,-1,-1,-1,-1,-1,-1,-1,
348,12,120,6,720,S,1,73,-1,-1,1,1,-1,-1,-1,-1,-1,-1,-1,-1,
349,12,120,6,720,S,1,80,-1,1,1,-1,-1,-1,1,-1,-1,-1,-1,-1,
350,12,120,6,720,S,1,135,-1,-1,-1,-1,-1,-1,-1,-1,-1,-1,-1,-1,
351,16,160,6,960,S,1,170,-1,-1,-1,-1,-1,-1,-1,-1,-1,-1,-1,-1,-1,-1,-1,1,
352,16,160,6,960,S,1,170,1,-1,1,1,1,-1,-1,-1,-1,1,1,-1,1,1,-1,-1,
353,16,160,6,960,S,1,91,1,-1,-1,-1,-1,-1,-1,-1,-1,-1,-1,-1,-1,-1,1,-1,
354,16,160,6,960,S,1,139,1,-1,-1,1,-1,1,-1,-1,-1,-1,-1,-1,-1,-1,-1,-1,
355,16,160,6,960,S,1,108,-1,1,-1,-1,1,1,-1,-1,-1,-1,-1,-1,-1,-1,-1,-1,
356,16,160,6,960,S,1,168,-1,1,1,1,-1,1,1,1,-1,-1,1,-1,1,-1,-1,-1,
357,16,160,6,960,S,1,137,1,-1,1,1,-1,-1,-1,-1,-1,-1,-1,1,1,-1,-1,1,
358,16,160,6,960,S,1,36000,1,-1,1,-1,-1,1,-1,-1,1,1,0,1,1,-1,-1,-1,
359,16,160,6,960,S,1,269,1,-1,1,1,-1,-1,-1,-1,-1,-1,-1,-1,1,-1,-1,-1,
360,16,160,6,960,S,1,214,1,1,-1,-1,-1,-1,1,-1,-1,-1,-1,-1,-1,-1,1,-1,
361,18,180,6,1080,S,1,108,-1,-1,-1,-1,-1,-1,1,-1,-1,-1,1,-1,-1,-1,-1,-1,-1,-1,
362,18,180,6,1080,S,1,217,-1,-1,-1,-1,-1,-1,-1,-1,1,-1,1,-1,-1,-1,-1,-1,-1,-1,
363,18,180,6,1080,S,1,103,-1,-1,-1,-1,1,-1,-1,-1,-1,-1,-1,-1,-1,-1,-1,-1,-1,1,
364,18,180,6,1080,S,1,95,-1,-1,1,-1,-1,-1,-1,-1,-1,-1,-1,-1,-1,-1,-1,-1,-1,-1,
365,18,180,6,1080,S,1,211,-1,1,-1,-1,-1,1,1,1,1,1,1,-1,1,1,1,-1,-1,1,
366,18,180,6,1080,S,1,110,-1,-1,1,-1,-1,-1,-1,1,-1,-1,-1,-1,-1,-1,-1,-1,-1,1,
367,18,180,6,1080,S,1,104,-1,1,-1,-1,-1,-1,-1,-1,-1,1,-1,-1,-1,-1,-1,-1,-1,-1,
368,18,180,6,1080,S,1,110,-1,-1,-1,-1,-1,-1,-1,-1,-1,1,-1,-1,-1,-1,-1,-1,-1,-1,
369,18,180,6,1080,S,1,106,-1,1,1,-1,-1,-1,-1,-1,-1,-1,-1,-1,-1,-1,-1,-1,-1,-1,
370,18,180,6,1080,S,1,384,1,-1,-1,-1,-1,-1,-1,-1,-1,-1,-1,-1,-1,-1,-1,1,-1,-1,
371,20,200,6,1200,S,1,174,1,-1,1,-1,-1,1,-1,-1,-1,1,-1,-1,-1,-1,-1,1,-1,1,-1,-1,
372,20,200,6,1200,S,1,293,-1,1,-1,1,1,1,-1,1,1,-1,-1,-1,-1,-1,-1,1,-1,-1,-1,-1,
373,20,200,6,1200,S,1,148,-1,-1,-1,-1,1,1,-1,-1,-1,-1,1,1,-1,-1,-1,-1,-1,-1,-1,-1,
374,20,200,6,1200,S,1,166,1,-1,-1,1,-1,-1,-1,-1,1,-1,-1,-1,-1,1,1,-1,-1,-1,-1,-1,
375,20,200,6,1200,S,1,141,1,-1,-1,-1,1,-1,-1,1,-1,-1,-1,-1,-1,-1,-1,-1,-1,-1,-1,1,
376,20,200,6,1200,S,1,172,-1,-1,1,-1,1,-1,1,-1,1,-1,-1,-1,1,-1,-1,-1,1,-1,-1,-1,
377,20,200,6,1200,S,1,181,1,1,1,-1,1,1,-1,-1,-1,1,1,-1,-1,-1,-1,-1,-1,-1,-1,-1,
378,20,200,6,1200,S,1,125,1,-1,-1,-1,-1,-1,-1,-1,-1,-1,-1,-1,-1,-1,-1,-1,-1,1,-1,1,
379,20,200,6,1200,S,1,118,-1,-1,-1,-1,-1,-1,-1,1,-1,-1,-1,-1,-1,1,-1,-1,-1,-1,-1,-1,
380,20,200,6,1200,S,1,148,-1,-1,1,1,1,-1,1,-1,-1,-1,-1,-1,-1,-1,-1,-1,-1,-1,-1,-1,
381,22,220,6,1320,S,1,221,1,-1,-1,-1,-1,-1,-1,-1,-1,1,-1,-1,-1,-1,-1,-1,-1,-1,-1,-1,1,-1,
382,22,220,6,1320,S,1,259,-1,-1,-1,1,-1,-1,-1,-1,-1,-1,-1,1,-1,-1,1,-1,1,-1,-1,-1,-1,-1,
383,22,220,6,1320,S,1,288,1,-1,-1,1,-1,1,-1,1,-1,-1,-1,1,-1,-1,1,1,-1,-1,-1,-1,-1,-1,
384,22,220,6,1320,S,1,140,-1,-1,-1,-1,-1,1,-1,-1,-1,-1,1,-1,1,-1,-1,-1,-1,-1,-1,-1,-1,-1,
385,22,220,6,1320,S,1,260,-1,-1,-1,-1,-1,-1,-1,-1,-1,-1,-1,-1,-1,-1,-1,-1,-1,-1,-1,-1,-1,-1,
386,22,220,6,1320,S,1,234,-1,1,-1,-1,1,-1,1,-1,-1,-1,-1,1,-1,-1,-1,-1,1,-1,-1,-1,-1,-1,
387,22,220,6,1320,S,1,207,-1,1,1,1,1,-1,-1,-1,-1,-1,-1,-1,-1,-1,-1,1,1,1,-1,-1,-1,-1,
388,22,220,6,1320,S,1,130,-1,-1,-1,-1,-1,1,-1,1,-1,-1,-1,-1,-1,-1,-1,-1,-1,-1,-1,-1,-1,-1,
389,22,220,6,1320,S,1,193,1,-1,-1,-1,-1,1,-1,-1,-1,-1,-1,-1,-1,-1,-1,-1,-1,-1,-1,-1,-1,-1,
390,22,220,6,1320,S,1,280,-1,-1,-1,-1,-1,-1,-1,-1,-1,-1,-1,1,-1,-1,-1,-1,-1,-1,-1,-1,-1,-1,
391,24,240,6,1440,S,1,212,-1,1,-1,-1,1,-1,-1,-1,-1,-1,-1,-1,-1,-1,-1,-1,-1,-1,-1,-1,-1,-1,-1,-1,
392,24,240,6,1440,S,1,189,1,1,-1,1,-1,-1,1,-1,-1,1,-1,-1,-1,-1,-1,-1,-1,-1,1,-1,-1,-1,-1,-1,
393,24,240,6,1440,S,1,169,1,1,-1,1,-1,-1,-1,-1,1,-1,-1,-1,-1,-1,-1,-1,-1,-1,-1,-1,-1,-1,-1,-1,
394,24,240,6,1440,S,1,224,-1,1,-1,-1,-1,-1,-1,-1,-1,-1,-1,-1,-1,-1,-1,-1,-1,-1,-1,-1,-1,-1,-1,-1,
395,24,240,6,1440,S,1,255,-1,-1,-1,-1,-1,-1,-1,-1,1,-1,-1,-1,-1,-1,-1,-1,-1,-1,-1,-1,-1,-1,-1,-1,
396,24,240,6,1440,S,1,163,1,-1,-1,-1,-1,1,-1,-1,-1,-1,-1,-1,-1,-1,-1,-1,1,-1,-1,-1,-1,-1,-1,-1,
397,24,240,6,1440,S,1,162,-1,1,-1,-1,-1,-1,1,-1,-1,-1,-1,-1,-1,-1,1,-1,-1,-1,-1,-1,-1,-1,-1,-1,
398,24,240,6,1440,S,1,204,1,-1,-1,-1,-1,1,-1,-1,-1,-1,1,-1,-1,-1,-1,1,-1,-1,-1,1,-1,-1,1,-1,
399,24,240,6,1440,S,1,182,1,-1,-1,-1,-1,1,-1,1,-1,-1,-1,-1,-1,1,-1,-1,-1,-1,-1,-1,-1,-1,-1,-1,
400,24,240,6,1440,S,1,232,1,-1,1,1,1,-1,-1,-1,-1,-1,-1,1,-1,1,-1,-1,-1,-1,-1,-1,-1,-1,-1,-1,
Filename,Team Name,Total WFFs,Satisfiable WFFs,Unsatisfiable WFFs,WFFs with Provided Answers,Correctly Answered WFFs
kSAT,OrozcoAniceto,400,257,143,400,400
